{
	"name": "Source Sans Pro",
	"faces": [
		{
			"name": "Extra Light",
			"weight": 200,
			"style": "normal",
			"assetId": "rbxassetid://8075252781"
		},
		{
			"name": "Extra Light Italic",
			"weight": 200,
			"style": "italic",
			"assetId": "rbxassetid://8075253699"
		},
		{
			"name": "Light",
			"weight": 300,
			"style": "normal",
			"assetId": "rbxasset://fonts/SourceSansPro-Light.ttf"
		},
		{
			"name": "Light Italic",
			"weight": 300,
			"style": "italic",
			"assetId": "rbxassetid://8075254683"
		},
		{
			"name": "Regular",
			"weight": 400,
			"style": "normal",
			"assetId": "rbxasset://fonts/SourceSansPro-Regular.ttf"
		},
		{
			"name": "Italic",
			"weight": 400,
			"style": "italic",
			"assetId": "rbxasset://fonts/SourceSansPro-It.ttf"
		},
		{
			"name": "Semi Bold",
			"weight": 600,
			"style": "normal",
			"assetId": "rbxasset://fonts/SourceSansPro-Semibold.ttf"
		},
		{
			"name": "Semi Bold Italic",
			"weight": 600,
			"style": "italic",
			"assetId": "rbxassetid://8075255754"
		},
		{
			"name": "Bold",
			"weight": 700,
			"style": "normal",
			"assetId": "rbxasset://fonts/SourceSansPro-Bold.ttf"
		},
		{
			"name": "Bold Italic",
			"weight": 700,
			"style": "italic",
			"assetId": "rbxassetid://8075251923"
		},
		{
			"name": "Black",
			"weight": 900,
			"style": "normal",
			"assetId": "rbxassetid://8043677567"
		},
		{
			"name": "Black Italic",
			"weight": 900,
			"style": "italic",
			"assetId": "rbxassetid://8075250899"
		}
	]
}
