{
	"name": "Titillium Web",
	"faces": [
		{
			"name": "Extra Light",
			"weight": 200,
			"style": "normal",
			"assetId": "rbxassetid://8075258117"
		},
		{
			"name": "Extra Light Italic",
			"weight": 200,
			"style": "italic",
			"assetId": "rbxassetid://8075259007"
		},
		{
			"name": "Light",
			"weight": 300,
			"style": "normal",
			"assetId": "rbxassetid://8075259994"
		},
		{
			"name": "Light Italic",
			"weight": 300,
			"style": "italic",
			"assetId": "rbxassetid://8075261706"
		},
		{
			"name": "Regular",
			"weight": 400,
			"style": "normal",
			"assetId": "rbxasset://fonts/TitilliumWeb-Regular.ttf"
		},
		{
			"name": "Italic",
			"weight": 400,
			"style": "italic",
			"assetId": "rbxassetid://8074027763"
		},
		{
			"name": "Semi Bold",
			"weight": 600,
			"style": "normal",
			"assetId": "rbxassetid://8075262738"
		},
		{
			"name": "Semi Bold Italic",
			"weight": 600,
			"style": "italic",
			"assetId": "rbxassetid://8075263748"
		},
		{
			"name": "Bold",
			"weight": 700,
			"style": "normal",
			"assetId": "rbxasset://fonts/TitilliumWeb-Bold.ttf"
		},
		{
			"name": "Bold Italic",
			"weight": 700,
			"style": "italic",
			"assetId": "rbxassetid://8074030881"
		},
		{
			"name": "Black",
			"weight": 900,
			"style": "normal",
			"assetId": "rbxassetid://8075257018"
		}
	]
}
